{
    "uuid": "d0af79988adc4b18b6030e4228ab7d36",
    "skills": {
        "combat": 406961.74656000384,
        "mining": 19901789.732238375,
        "enchanting": 2319316.99926564,
        "alchemy": 2.0300000000000002,
        "farming": 371930.22,
        "taming": 7383894.533191979
    },
    "mining": {
        "gemstone": 4361697,
        "mithril": 0
    },
    "dungeons": {
        "archer": 0,
        "berserk": 0,
        "mage": 0,
        "tank": 0,
        "healer": 0
    },
    "slayer": {
        "zombie": {
            "xp": 544987,
            "kills": {
                "t1": 5,
                "t2": 41,
                "t3": 264,
                "t4": 188,
                "t5": 224
            }
        },
        "spider": {
            "xp": 168500,
            "kills": {
                "t1": 5,
                "t2": 3,
                "t3": 769,
                "t4": 183,
                "t5": 0
            }
        },
        "wolf": {
            "xp": 71450,
            "kills": {
                "t1": 5,
                "t2": 4,
                "t3": 77,
                "t4": 114,
                "t5": 0
            }
        },
        "enderman": {
            "xp": 6921,
            "kills": {
                "t1": 120,
                "t2": 219,
                "t3": 0,
                "t4": 0,
                "t5": 0
            }
        },
        "blaze": {
            "xp": 0,
            "kills": {
                "t1": 0,
                "t2": 0,
                "t3": 0,
                "t4": 0,
                "t5": 0
            }
        }
    },
    "purse": 0,
    "time": 1665685991244
}